{
  "controller/App.controller.js": 1751412998000,
  "controller/LeaveReqDetailed.controller.js": 1751412998000,
  "model/mockserver.js": 1751412998000,
  "controller/View1.controller.js": 1751611531279,
  "controller/UpdateLeaveReq.controller.js": 1751412998000,
  "controller/Login.controller.js": 1751611474320,
  "controller/LeaveReqObject.controller.js": 1751613511460,
  "model/models.js": 1751412998000,
  "i18n/i18n.properties": 1751605281221,
  "manifest.json": 1751606028400,
  "Component.js": 1751412998000,
  "controller/UpdateLeaveReq-dbg.controller.js": 1751412998000,
  "controller/UpdateLeaveReq.controller.js.map": 1751868543515,
  "model/mockserver-dbg.js": 1751412998000,
  "model/mockserver.js.map": 1751868543563,
  "controller/View1-dbg.controller.js": 1751611531279,
  "controller/View1.controller.js.map": 1751868543561,
  "controller/LeaveReqDetailed-dbg.controller.js": 1751412998000,
  "controller/LeaveReqDetailed.controller.js.map": 1751868543571,
  "controller/Login-dbg.controller.js": 1751611474320,
  "controller/Login.controller.js.map": 1751868543559,
  "controller/LeaveReqObject-dbg.controller.js": 1751613511460,
  "controller/LeaveReqObject.controller.js.map": 1751868543581,
  "model/models-dbg.js": 1751412998000,
  "model/models.js.map": 1751868543567,
  "controller/App-dbg.controller.js": 1751412998000,
  "controller/App.controller.js.map": 1751868543567,
  "Component-dbg.js": 1751412998000,
  "Component.js.map": 1751868543569,
  "Component-preload.js": 1751868543696,
  "Component-preload.js.map": 1751868543696,
  "view/View1.view.xml": 1751412998000,
  "view/UpdateLeaveReq.view.xml": 1751412998000,
  "view/Login.view.xml": 1751412998000,
  "view/LeaveReqObject.view.xml": 1751612165359,
  "view/LeaveReqDetailed.view.xml": 1751412998000,
  "view/App.view.xml": 1751412998000,
  "css/style.css": 1751412998000,
  "index.html": 1751412998000
}