{
  "controller/App-dbg.controller.js": 1751412998000,
  "controller/App.controller.js": 1751412998000,
  "model/mockserver.js": 1751412998000,
  "controller/View1.controller.js": 1756124777202,
  "controller/UpdateLeaveReq.controller.js": 1755497145535,
  "controller/Login.controller.js": 1755667311061,
  "controller/LeaveReqObject.controller.js": 1756209727573,
  "controller/LeaveReqDetailed.controller.js": 1756358144112,
  "model/models.js": 1751412998000,
  "manifest.json": 1751606028400,
  "Component.js": 1751412998000,
  "controller/Login-dbg.controller.js": 1755667311061,
  "controller/Login.controller.js.map": 1756363505417,
  "model/mockserver-dbg.js": 1751412998000,
  "model/mockserver.js.map": 1756363505424,
  "controller/View1-dbg.controller.js": 1756124777202,
  "controller/View1.controller.js.map": 1756363505434,
  "controller/UpdateLeaveReq-dbg.controller.js": 1755497145535,
  "controller/UpdateLeaveReq.controller.js.map": 1756363505415,
  "i18n/i18n.properties": 1751605281221,
  "controller/App.controller.js.map": 1756363505417,
  "controller/LeaveReqObject-dbg.controller.js": 1756209727573,
  "controller/LeaveReqObject.controller.js.map": 1756363505440,
  "controller/LeaveReqDetailed-dbg.controller.js": 1756358144112,
  "controller/LeaveReqDetailed.controller.js.map": 1756363505429,
  "model/models-dbg.js": 1751412998000,
  "model/models.js.map": 1756363505426,
  "Component-dbg.js": 1751412998000,
  "Component.js.map": 1756363505428,
  "Component-preload.js": 1756363505670,
  "Component-preload.js.map": 1756363505670,
  "view/View1.view.xml": 1756103431816,
  "view/UpdateLeaveReq.view.xml": 1755514955547,
  "view/Login.view.xml": 1755668446836,
  "view/LeaveReqObject.view.xml": 1755514976511,
  "view/LeaveReqDetailed.view.xml": 1755506975373,
  "view/App.view.xml": 1751412998000,
  "css/style.css": 1756206461672,
  "index.html": 1751412998000
}