{
  "Component.js": 1751412998000,
  "i18n/i18n.properties": 1751605281221,
  "model/mockserver.js": 1751412998000,
  "controller/View1.controller.js": 1751611531279,
  "controller/UpdateLeaveReq.controller.js": 1751412998000,
  "controller/Login.controller.js": 1751874677968,
  "controller/LeaveReqObject.controller.js": 1751877996558,
  "controller/LeaveReqDetailed.controller.js": 1751412998000,
  "controller/App.controller.js": 1751412998000,
  "manifest.json": 1751606028400,
  "model/models.js": 1751412998000,
  "controller/LeaveReqDetailed-dbg.controller.js": 1751412998000,
  "controller/LeaveReqDetailed.controller.js.map": 1751882798453,
  "model/mockserver-dbg.js": 1751412998000,
  "model/mockserver.js.map": 1751882798457,
  "controller/View1-dbg.controller.js": 1751611531279,
  "controller/View1.controller.js.map": 1751882798454,
  "controller/UpdateLeaveReq-dbg.controller.js": 1751412998000,
  "controller/UpdateLeaveReq.controller.js.map": 1751882798402,
  "controller/Login-dbg.controller.js": 1751874677968,
  "controller/Login.controller.js.map": 1751882798453,
  "controller/LeaveReqObject-dbg.controller.js": 1751877996558,
  "controller/LeaveReqObject.controller.js.map": 1751882798473,
  "Component-dbg.js": 1751412998000,
  "Component.js.map": 1751882798457,
  "controller/App-dbg.controller.js": 1751412998000,
  "controller/App.controller.js.map": 1751882798457,
  "model/models-dbg.js": 1751412998000,
  "model/models.js.map": 1751882798459,
  "Component-preload.js": 1751882798596,
  "Component-preload.js.map": 1751882798596,
  "view/View1.view.xml": 1751412998000,
  "view/UpdateLeaveReq.view.xml": 1751412998000,
  "view/Login.view.xml": 1751412998000,
  "view/LeaveReqObject.view.xml": 1751873274324,
  "view/LeaveReqDetailed.view.xml": 1751412998000,
  "view/App.view.xml": 1751412998000,
  "css/style.css": 1751412998000,
  "index.html": 1751412998000
}