{
  "Component.js.map": 1751605681000,
  "controller/View1.controller.js": 1751412998000,
  "model/mockserver.js": 1751412998000,
  "model/models.js": 1751412998000,
  "controller/UpdateLeaveReq.controller.js": 1751412998000,
  "controller/Login.controller.js": 1751412998000,
  "controller/LeaveReqObject.controller.js": 1751412998000,
  "controller/LeaveReqDetailed.controller.js": 1751412998000,
  "controller/App.controller.js": 1751412998000,
  "manifest.json": 1751605281221,
  "Component.js": 1751412998000,
  "controller/Login-dbg.controller.js": 1751412998000,
  "controller/Login.controller.js.map": 1751605680944,
  "model/mockserver-dbg.js": 1751412998000,
  "model/mockserver.js.map": 1751605680952,
  "model/models-dbg.js": 1751412998000,
  "model/models.js.map": 1751605680943,
  "controller/UpdateLeaveReq-dbg.controller.js": 1751412998000,
  "controller/UpdateLeaveReq.controller.js.map": 1751605680945,
  "controller/View1-dbg.controller.js": 1751412998000,
  "controller/View1.controller.js.map": 1751605680952,
  "controller/LeaveReqObject-dbg.controller.js": 1751412998000,
  "controller/LeaveReqObject.controller.js.map": 1751605681010,
  "controller/LeaveReqDetailed-dbg.controller.js": 1751412998000,
  "controller/LeaveReqDetailed.controller.js.map": 1751605680955,
  "controller/App-dbg.controller.js": 1751412998000,
  "controller/App.controller.js.map": 1751605680953,
  "Component-dbg.js": 1751412998000,
  "i18n/i18n.properties": 1751605281221,
  "Component-preload.js": 1751605681102,
  "Component-preload.js.map": 1751605681103,
  "view/View1.view.xml": 1751412998000,
  "view/UpdateLeaveReq.view.xml": 1751412998000,
  "view/Login.view.xml": 1751412998000,
  "view/LeaveReqObject.view.xml": 1751412998000,
  "view/LeaveReqDetailed.view.xml": 1751412998000,
  "view/App.view.xml": 1751412998000,
  "css/style.css": 1751412998000,
  "index.html": 1751412998000
}